"Old Url","New Url",Status
http://www.ago.gov.uk/ABOUTUS/Pages/CivilCriminalPanels.aspx,https://www.gov.uk//nomination-of-counsel-from-the-attorney-general-how-to-apply,301
http://www.ago.gov.uk/AboutUs/Pages/Energyusage.aspx,https://www.gov.uk/government/organisations/attorney-generals-office/about/our-energy-use,301
http://www.ago.gov.uk/AboutUs/Pages/FrequentlyAskedQuestions.aspx,https://www.gov.uk/government/organisations/attorney-generals-office/about,301
http://www.ago.gov.uk/AboutUs/Pages/History.aspx,https://www.gov.uk/government/organisations/attorney-generals-office,301
http://www.ago.gov.uk/AboutUs/Pages/NominationofCounsel.aspx,https://www.gov.uk//nomination-of-counsel-from-the-attorney-general-how-to-apply,301
http://www.ago.gov.uk/AboutUs/Pages/SpecialAdvocates.aspx,https://www.gov.uk/government/organisations/attorney-generals-office/about,301
http://www.ago.gov.uk/AboutUs/Pages/VexatiousLitigants.aspx,https://www.gov.uk/government/organisations/attorney-generals-office/about,301
http://www.ago.gov.uk/AboutUs/Pages/default.aspx,https://www.gov.uk/government/organisations/attorney-generals-office/about,301
http://www.ago.gov.uk/AboutUs/uls/Pages/NorthernIrelandULSStatistics2001-2008.aspx,https://www.gov.uk/government/publications/unduly-lenient-sentence-statistics--3,301
http://www.ago.gov.uk/AboutUs/uls/Pages/ULSChart-2001to2008.aspx,https://www.gov.uk/government/publications/unduly-lenient-sentence-statistics--3,301
http://www.ago.gov.uk/AboutUs/uls/Pages/default.aspx,https://www.gov.uk/complain-about-low-crown-court-sentence,301
http://www.ago.gov.uk/Departments/Pages/CPS.aspx,https://www.gov.uk/government/organisations/crown-prosecution-service,301
http://www.ago.gov.uk/Departments/Pages/HMCPSI.aspx,https://www.gov.uk/government/organisations/hm-crown-prosecution-service-inspectorate,301
http://www.ago.gov.uk/Departments/Pages/SFO.aspx,https://www.gov.uk/government/organisations/serious-fraud-office,301
http://www.ago.gov.uk/Departments/Pages/TSOl.aspx,https://www.gov.uk/government/organisations/treasury-solicitor-s-department,301
http://www.ago.gov.uk/Departments/Pages/default.aspx,https://www.gov.uk/government/organisations/attorney-generals-office/about,301
http://www.ago.gov.uk/GUIDETOINFORMATION/Pages/default.aspx,https://www.gov.uk/government/organisations/attorney-generals-office/about,301
http://www.ago.gov.uk/GuidetoInformation/Howwemakedecisions/Pages/default.aspx,https://www.gov.uk/government/organisations/attorney-generals-office/about,301
http://www.ago.gov.uk/GuidetoInformation/Listsandregisters/Pages/Giftsreceived.aspx,https://www.gov.uk/government/organisations/attorney-generals-office/about,301
http://www.ago.gov.uk/GuidetoInformation/Listsandregisters/Pages/MeetingswithOutsideInterestGroups.aspx,https://www.gov.uk/government/organisations/attorney-generals-office/about,301
http://www.ago.gov.uk/GuidetoInformation/Listsandregisters/Pages/Ministerial_hospitality.aspx,https://www.gov.uk/government/organisations/attorney-generals-office/about,301
http://www.ago.gov.uk/GuidetoInformation/Listsandregisters/Pages/OverseastravelbyMinisters.aspx,https://www.gov.uk/government/organisations/attorney-generals-office/about,301
http://www.ago.gov.uk/GuidetoInformation/Listsandregisters/Pages/default.aspx,https://www.gov.uk/government/organisations/attorney-generals-office/about,301
http://www.ago.gov.uk/GuidetoInformation/Ourpoliciesandprocedures/Pages/default.aspx,https://www.gov.uk/government/organisations/attorney-generals-office/about,301
http://www.ago.gov.uk/GuidetoInformation/Pages/Organograms.aspx,https://www.gov.uk/government/organisations/attorney-generals-office/about,301
http://www.ago.gov.uk/GuidetoInformation/Pages/default.aspx,https://www.gov.uk/government/organisations/attorney-generals-office/about,301
http://www.ago.gov.uk/GuidetoInformation/Whatourprioritiesare/Pages/Correspondencetargetsandperformance.aspx,https://www.gov.uk/government/organisations/attorney-generals-office/about,301
http://www.ago.gov.uk/GuidetoInformation/Whatourprioritiesare/Pages/default.aspx,https://www.gov.uk/government/organisations/attorney-generals-office/about,301
http://www.ago.gov.uk/GuidetoInformation/Whoweare/Pages/AbouttheAGOandwhatwecover.aspx,https://www.gov.uk/government/organisations/attorney-generals-office/about,301
http://www.ago.gov.uk/GuidetoInformation/Whoweare/Pages/JobVacancies.aspx,https://www.gov.uk/government/organisations/attorney-generals-office/about,301
http://www.ago.gov.uk/GuidetoInformation/Whoweare/Pages/Organisationsweworkwith.aspx,https://www.gov.uk/government/organisations/attorney-generals-office/about,301
http://www.ago.gov.uk/GuidetoInformation/Whoweare/Pages/default.aspx,https://www.gov.uk/government/organisations/attorney-generals-office/about,301
http://www.ago.gov.uk/GuidetoInformation/theservicesweoffer/Pages/default.aspx,https://www.gov.uk/government/organisations/attorney-generals-office/about,301
http://www.ago.gov.uk/GuidetoInformation/whatwespend/Pages/default.aspx,https://www.gov.uk/government/organisations/attorney-generals-office/about,301
http://www.ago.gov.uk/NewsCentre/Contact%20Details/Pages/default.aspx,https://www.gov.uk/government/organisations/attorney-generals-office#org-contacts,301
http://www.ago.gov.uk/NewsCentre/News/Pages/default.aspx,https://www.gov.uk/government/announcements?departments%5B%5D=attorney-generals-office,301
http://www.ago.gov.uk/NewsCentre/News/Pages/default.aspx?page=1,https://www.gov.uk/government/announcements?departments%5B%5D=attorney-generals-office,301
http://www.ago.gov.uk/NewsCentre/Pages/AdvocatesfortheCrown%E2%80%99sCivilLitigation.aspx,https://www.gov.uk/government/organisations/attorney-generals-office/about,301
http://www.ago.gov.uk/NewsCentre/Pages/AlignmentofprosecutionsbetweentheDepartmentforEnvironment%2CFoodandRuralAffairsandtheCrownProsecutionService.aspx,https://www.gov.uk/government/news/new-government-prosecutors-join-crown-prosecution-service,301
http://www.ago.gov.uk/NewsCentre/Pages/ApplicationfornewHillsboroughinquestsquestionsandanswers.aspx,https://www.gov.uk/government/news/attorney-general-to-apply-for-fresh-inquests-for-victims-of-hillsborough-disaster-16-october-2012,301
http://www.ago.gov.uk/NewsCentre/Pages/AttorneyGeneral'sYouthAdvisoryCouncilmeetsforthefirsttime.aspx,,410
http://www.ago.gov.uk/NewsCentre/Pages/AttorneyGeneralCo.aspx,https://www.gov.uk/government/news/attorney-general-reflects-on-how-the-law-of-contempt-is-developing,301
http://www.ago.gov.uk/NewsCentre/Pages/AttorneyGeneralDecisionOnBinyamMohamedInvestigation.aspx,,410
http://www.ago.gov.uk/NewsCentre/Pages/AttorneyGeneralSalutesMerseysideAsAJusticePioneer.aspx,,410
http://www.ago.gov.uk/NewsCentre/Pages/AttorneyGeneralWelcomesAnalysisOfCpsAdvocacy.aspx,,410
http://www.ago.gov.uk/NewsCentre/Pages/AttorneyGeneralWelcomesIndependentReportOnFraudProsecutionService.aspx,,410
http://www.ago.gov.uk/NewsCentre/Pages/AttorneyGeneralWelcomesProBonoProgress.aspx,,410
http://www.ago.gov.uk/NewsCentre/Pages/AttorneyGeneralandCPSChiefCrownProsecutorwelcomesentenceincreaseforLondonrioter.aspx,https://www.gov.uk/government/news/london-rioter-has-sentence-increased-after-reference-by-the-attorney-general,301
http://www.ago.gov.uk/NewsCentre/Pages/AttorneyGeneralappointsnewTreasuryCounselatCentralCriminalCourt.aspx,https://www.gov.uk/government/news/attorney-appoints-new-treasury-counsel-at-the-central-criminal-court,301
http://www.ago.gov.uk/NewsCentre/Pages/AttorneyGeneralencouragesprosecutorstoexplainsentencesandissuesrevisedguidanceonpleasandsentencing.aspx,,410
http://www.ago.gov.uk/NewsCentre/Pages/AttorneyGeneralissuesguidancetoprosecutorsonassetrecovery.aspx,,410
http://www.ago.gov.uk/NewsCentre/Pages/AttorneyGeneralmakesreferencetotheFirst-tierTribunal(Charity)toclarifycharitylaw.aspx,,410
http://www.ago.gov.uk/NewsCentre/Pages/AttorneyGeneralmeetsthenextgenerationof%E2%80%9CJustice%E2%80%9D.aspx,,410
http://www.ago.gov.uk/NewsCentre/Pages/AttorneyGeneraloutlines.aspx,https://www.gov.uk/government/news/attorney-general-speaks-on-the-european-convention-on-human-rights,301
http://www.ago.gov.uk/NewsCentre/Pages/AttorneyGeneralpledgescommitmenttodiversityandequalitieswithinthelegalprofession.aspx,,410
http://www.ago.gov.uk/NewsCentre/Pages/AttorneyGeneralreportsonUndulyLenientSetencesexaminedin2009.aspx,,410
http://www.ago.gov.uk/NewsCentre/Pages/AttorneyGeneralsoffivenationsagreejointstatementonprobono.aspx,,410
http://www.ago.gov.uk/NewsCentre/Pages/AttorneyGeneralspeaksonContemt.aspx,https://www.gov.uk/government/news/attorney-general-reflects-on-how-the-law-of-contempt-is-developing,301
http://www.ago.gov.uk/NewsCentre/Pages/AttorneyGeneralto.aspx,https://www.gov.uk/government/news/attorney-general-to-prosecute-2-newspapers-for-contempt,301
http://www.ago.gov.uk/NewsCentre/Pages/AttorneyGeneraltoapplyforfreshinquestsforvictimsofHillsboroughDisaster.aspx,https://www.gov.uk/government/news/attorney-general-to-apply-for-fresh-inquests-for-victims-of-hillsborough-disaster-16-october-2012,301
http://www.ago.gov.uk/NewsCentre/Pages/AttorneyGeneralurgesnewthinkingondomesticviolence.aspx,,410
http://www.ago.gov.uk/NewsCentre/Pages/AttorneyGeneralvetoesreleaseofCabinetmeetingminutes.aspx,https://www.gov.uk/government/news/attorney-general-vetoes-release-of-cabinet-meeting-minutes-discussing-iraq-war--4,301
http://www.ago.gov.uk/NewsCentre/Pages/AttorneyGeneralvetoesreleaseofPrinceofWalescorrespondence.aspx,https://www.gov.uk/government/news/attorney-general-vetoes-release-of-prince-of-wales-correspondence,301
http://www.ago.gov.uk/NewsCentre/Pages/AttorneyGeneralwelcomes%E2%80%98onepunch%E2%80%99legalchangesandsentenceincreases.aspx,,410
http://www.ago.gov.uk/NewsCentre/Pages/AttorneyGeneralwelcomesBellfieldcontemptjudgment.aspx,https://www.gov.uk/government/news/two-newspapers-fined-for-contempt-of-court-over-levi-bellfield-trial,301
http://www.ago.gov.uk/NewsCentre/Pages/Attorneysupportsresearchoncostofdomesticviolencetoeconomy.aspx,,410
http://www.ago.gov.uk/NewsCentre/Pages/BrianAltmanQCappointedFirstSeniorTreasuryCounsel(Criminal).aspx,https://www.gov.uk/government/news/attorney-general-makes-reference-to-the-first-tier-tribunal-charity-to-clarify-charity-law,301
http://www.ago.gov.uk/NewsCentre/Pages/CPSLawyersteachyoungpeopletheirrights.aspx,,410
http://www.ago.gov.uk/NewsCentre/Pages/ChiefAdvocateForTheCrown%E2%80%99sCivilLitigationFirstTreasuryCounsel.aspx,,410
http://www.ago.gov.uk/NewsCentre/Pages/ChiefExecutiveOfNationalFraudStrategicAuthorityAppointed.aspx,,410
http://www.ago.gov.uk/NewsCentre/Pages/CommonwealthLawMinistersProPro-Bono.aspx,,410
http://www.ago.gov.uk/NewsCentre/Pages/ComprehensiveSpendingReviewLawOfficers%E2%80%99Departments.aspx,,410
http://www.ago.gov.uk/NewsCentre/Pages/CriminalJusticeMeasuresToEnhanceFraudProsecutionsToBeIntroduced.aspx,,410
http://www.ago.gov.uk/NewsCentre/Pages/DeathofDrDavidKellyAttorneyGeneralwillnotapplyforfreshinquest.aspx,https://www.gov.uk/government/news/no-fresh-inquest-into-death-of-dr-david-kelly,301
http://www.ago.gov.uk/NewsCentre/Pages/Devolution.aspx,,410
http://www.ago.gov.uk/NewsCentre/Pages/DominicGrieveappointedAttorneyGeneral.aspx,,410
http://www.ago.gov.uk/NewsCentre/Pages/Finesimposedforcontemptofcourtbyonlineimage.aspx,https://www.gov.uk/government/news/fines-imposed-for-contempt-of-court-from-online-images,301
http://www.ago.gov.uk/NewsCentre/Pages/FirstSeniorTreasuryCounsel(Criminal)Appointed.aspx,,410
http://www.ago.gov.uk/NewsCentre/Pages/GuidnacearoundrecentcharitylawRefrence.aspx,,410
http://www.ago.gov.uk/NewsCentre/Pages/HillsboroughIndependentPanelReportStatementfromAttorneyGeneral.aspx,https://www.gov.uk/government/news/hillsborough-independent-panel-report-statement-from-attorney-general,301
http://www.ago.gov.uk/NewsCentre/Pages/Hillsboroughinquestapplicationprocess.aspx,https://www.gov.uk/government/news/attorney-general-to-apply-for-fresh-inquests-for-victims-of-hillsborough-disaster-16-october-2012,301
http://www.ago.gov.uk/NewsCentre/Pages/IncreasedPowersToTackleFraudsters%E2%80%93AttorneyGeneralAnnouncesConsultation.aspx,https://www.gov.uk/government/speeches/keynote-speech-to-the-world-bribery-and-corruption-compliance-forum,301
http://www.ago.gov.uk/NewsCentre/Pages/InterimChiefExecutiveOfNationalFraudStrategicAuthorityAppointed.aspx,,410
http://www.ago.gov.uk/NewsCentre/Pages/JuroranddefendantsentencedforcontemptofcourtoverFacebookexchanges.aspx,https://www.gov.uk/government/news/juror-and-defendant-sentenced-for-contempt-of-court-over-facebook,301
http://www.ago.gov.uk/NewsCentre/Pages/Jurorconvictedforinternetsearches.aspx,https://www.gov.uk/government/news/juror-convicted-for-internet-research,301
http://www.ago.gov.uk/NewsCentre/Pages/Jurorjailedforcontemptofcourt.aspx,https://www.gov.uk/government/news/juror-jailed-for-discussing-trial-with-defendants,301
http://www.ago.gov.uk/NewsCentre/Pages/MeetingbetweentheAttorneyGeneralandthefamilyofMrHarryHolland.aspx,,410
http://www.ago.gov.uk/NewsCentre/Pages/MikeFullertobecomeHMCPSChiefInspector.aspx,,410
http://www.ago.gov.uk/NewsCentre/Pages/NationalFraudAuthority.aspx,,410
http://www.ago.gov.uk/NewsCentre/Pages/NationalFraudAuthoritysays'Bewarethe%E2%80%9812scams'ofChristmas'.aspx,,410
http://www.ago.gov.uk/NewsCentre/Pages/NationalFraudAuthoritytransferstoHomeOffice.aspx,https://www.gov.uk/government/news/national-fraud-authority-transfers-to-the-home-office,301
http://www.ago.gov.uk/NewsCentre/Pages/NewFirstTreasuryCounselAppointed.aspx,,410
http://www.ago.gov.uk/NewsCentre/Pages/NewSeriousFraudOfficeDirectorAppointed.aspx,https://www.gov.uk/government/news/david-green-new-director-of-serious-fraud-office,301
http://www.ago.gov.uk/NewsCentre/Pages/NewguidancefromCourtofAppealfollowingaReferencebytheSolicitorGeneral.aspx,https://www.gov.uk/government/news/new-guidance-from-court-of-appeal-following-a-reference-by-the-solicitor-general,301
http://www.ago.gov.uk/NewsCentre/Pages/Newspapersguiltyofcontemptduringmurderinvestigation.aspx,https://www.gov.uk/government/news/newspapers-guilty-of-contempt-during-joanna-yeates-murder-investigation,301
http://www.ago.gov.uk/NewsCentre/Pages/Newtooltotackleeconomiccrime.aspx,https://www.gov.uk/government/news/new-tool-to-tackle-economic-crime,301
http://www.ago.gov.uk/NewsCentre/Pages/Nopowertorefergirlgangsentencesasundulylenient.aspx,https://www.gov.uk/government/news/sentences-of-girl-gang-cannot-be-increased,301
http://www.ago.gov.uk/NewsCentre/Pages/OliverHealdappointedSolicitorGeneralforEnglandandWales.aspx,https://www.gov.uk/government/news/oliver-heald-mp-appointed-solicitor-general-for-england-and-wales,301
http://www.ago.gov.uk/NewsCentre/Pages/PackageOfReformsToHistoricRoleOfAttorneyGeneralAnnounced.aspx,,410
http://www.ago.gov.uk/NewsCentre/Pages/Prosecutors%E2%80%99InvestigationCodeOfPracticeIssuedUnderTheProceedsOfCrimeAct2002.aspx,,410
http://www.ago.gov.uk/NewsCentre/Pages/ReportIntoAnthonyLeonPeart%2CAkaAnthonyLeonJoseph.aspx,,410
http://www.ago.gov.uk/NewsCentre/Pages/Requeststoexamine.aspx,https://www.gov.uk/government/news/attorney-general-to-apply-for-fresh-inquests-for-victims-of-hillsborough-disaster-16-october-2012,301
http://www.ago.gov.uk/NewsCentre/Pages/SentencefordomesticviolenceattackdoubledafterappealbyAttorneyGeneral.aspx,,410
http://www.ago.gov.uk/NewsCentre/Pages/Sentencesincreasedfor%E2%80%98callous%E2%80%99gangwhichdefraudedvulnerablevictims.aspx,https://www.gov.uk/government/news/sentences-increased-for-callous-gang-which-defrauded-vulnerable-victims,301
http://www.ago.gov.uk/NewsCentre/Pages/SentencesofDobsonandNorrisnottobereferredtoCourtofAppeal.aspx,https://www.gov.uk/government/news/sentences-of-dobson-and-norris-not-to-be-referred-to-court-of-appeal,301
http://www.ago.gov.uk/NewsCentre/Pages/SeriousFraudOfficeReviewByJessicaDeGrazia.aspx,,410
http://www.ago.gov.uk/NewsCentre/Pages/SeriousFraudOfficeinspectionreportpublished.aspx,https://www.gov.uk/government/news/serious-fraud-office-inspection-report-published,301
http://www.ago.gov.uk/NewsCentre/Pages/SolicitorGeneralwelcomesstrongmessagefromCourtofAppeal.aspx,https://www.gov.uk/government/news/firearms-sentence-doubled-at-court-of-appeal,301
http://www.ago.gov.uk/NewsCentre/Pages/SonnexFarmerSentencesNotToBeReferredAsUndulyLenient.aspx,,410
http://www.ago.gov.uk/NewsCentre/Pages/StephenWoolerRe-AppointedByAttorneyGeneralAsChiefInspectorOfHerMajesty%E2%80%99sCrownProsecutionServiceInspectorate.aspx,,410
http://www.ago.gov.uk/NewsCentre/Pages/TheNationalFraudStrategy%E2%80%93NewRulesToCrackdownOnFraudWillProvideRealHelpNowToConsumersAndBusinesses.aspx,,410
http://www.ago.gov.uk/NewsCentre/Pages/UKToughensUpOn%20FraudstersWithNewAnti-FraudAuthority.aspx,,410
http://www.ago.gov.uk/NewsCentre/Pages/Unduly%20lenient%20sentence%20cases%20for%202011.aspx,https://www.gov.uk/government/news/unduly-lenient-sentence-cases-referred-to-the-court-of-appeal-latest-figures,301
http://www.ago.gov.uk/NewsCentre/Pages/UndulyLenientSentencesexaminedin2010.aspx,https://www.gov.uk/government/news/sentences-examined-by-the-attorney-general-in-2010,301
http://www.ago.gov.uk/NewsCentre/Pages/WorkandpensionshealthprosecutorstojoinCrownProsecutionService.aspx,https://www.gov.uk/government/news/work-and-pensions-and-health-prosecutors-to-join-crown-prosecution-service,301
http://www.ago.gov.uk/NewsCentre/Pages/default.aspx,https://www.gov.uk/government/announcements?departments%5B%5D=attorney-generals-office,301
http://www.ago.gov.uk/NewsCentre/Speeches/Pages/%E2%80%9CLawfare%E2%80%93TimeforRulesofEngagement%E2%80%9D.aspx,,410
http://www.ago.gov.uk/NewsCentre/Speeches/Pages/4thAnnualNoWitnessNoJusticeConference.aspx,,410
http://www.ago.gov.uk/NewsCentre/Speeches/Pages/ACPOFamilyLiaisonConference.aspx,,410
http://www.ago.gov.uk/NewsCentre/Speeches/Pages/AssociateParliamentaryCorporateSocialResponsibilityGroup%E2%80%93CelebratingtheprobonoworkofUKlawfirms.aspx,,410
http://www.ago.gov.uk/NewsCentre/Speeches/Pages/Attorney%20General%20World%20Bribery%20and%20Corruption%20Compliance%20forum.aspx,https://www.gov.uk/government/speeches/speech-to-the-world-bribery-and-corruption-compliance-forum,301
http://www.ago.gov.uk/NewsCentre/Speeches/Pages/AttorneyGeneral%20contempt%20of%20court%20why%20it%20still%20matters.aspx,https://www.gov.uk/government/speeches/contempt-of-court-why-it-still-matters,301
http://www.ago.gov.uk/NewsCentre/Speeches/Pages/AttorneyGeneral%E2%80%98TheCriminalJusticeSystemmeetingthechallenge%E2%80%99.aspx,https://www.gov.uk/government/speeches/the-criminal-justice-system-meeting-the-challenge,301
http://www.ago.gov.uk/NewsCentre/Speeches/Pages/AttorneyGeneral%E2%80%99sLuncheonAddressInstituteOfLegalExecutives(ILEX)President%E2%80%99sAnnualLuncheon.aspx,,410
http://www.ago.gov.uk/NewsCentre/Speeches/Pages/AttorneyGeneral%E2%80%99sPanelsOfCivilCounsel%E2%80%9CWideningThePool%E2%80%9DEvent.aspx,,410
http://www.ago.gov.uk/NewsCentre/Speeches/Pages/AttorneyGeneral-KeynoteSpeech%E2%80%93StephenMemorialLecture.aspx,,410
http://www.ago.gov.uk/NewsCentre/Speeches/Pages/AttorneyGeneral.aspx,,410
http://www.ago.gov.uk/NewsCentre/Speeches/Pages/AttorneyGeneralEuropeanConventiononHumanRights%E2%80%93currentchallenges.aspx,https://www.gov.uk/government/speeches/european-convention-on-human-rights-current-challenges,301
http://www.ago.gov.uk/NewsCentre/Speeches/Pages/AttorneyGeneralInstituteofInternationalandEuropeanAffairs.aspx,https://www.gov.uk/government/speeches/speech-to-the-institute-of-international-and-european-affairs,301
http://www.ago.gov.uk/NewsCentre/Speeches/Pages/AttorneyGeneralKeynoteSpeech%E2%80%93CPSNationalSchoolsProjectLaunch.aspx,,410
http://www.ago.gov.uk/NewsCentre/Speeches/Pages/AttorneyGeneralLondonCommonLawandCommercialBarLecture.aspx,https://www.gov.uk/government/speeches/london-common-law-and-commercial-bar-lecture,301
http://www.ago.gov.uk/NewsCentre/Speeches/Pages/AttorneyGeneralProBonoReception%2CCoutts%2C440TheStrand%2CLondon.aspx,,410
http://www.ago.gov.uk/NewsCentre/Speeches/Pages/AttorneyGeneralSpeechtoBPPLawSchool.aspx,https://www.gov.uk/government/speeches/parliament-and-the-judiciary,301
http://www.ago.gov.uk/NewsCentre/Speeches/Pages/AttorneyGeneralVictimSupport%E2%80%93WitnessService20thAnniversaryConcert.aspx,,410
http://www.ago.gov.uk/NewsCentre/Speeches/Pages/AttorneyGeneralWestMidlandsCPSGroupCommunityProsecutorlaunch.aspx,,410
http://www.ago.gov.uk/NewsCentre/Speeches/Pages/AttorneyGeneralcurrentGovernmentpolicyoneconomiccrime.aspx,https://www.gov.uk/government/speeches/current-government-policy-on-economic-crime,301
http://www.ago.gov.uk/NewsCentre/Speeches/Pages/AttorneyGeneralkeynotespeechtoMinorityLawyers'Conference.aspx,https://www.gov.uk/government/speeches/keynote-speech-to-minority-lawyers-conference,301
http://www.ago.gov.uk/NewsCentre/Speeches/Pages/AttorneyGeneralopeningspeechtoACPOFraudForum.aspx,,410
http://www.ago.gov.uk/NewsCentre/Speeches/Pages/AttorneyGeneralspechatCityUniversityonhumantrafficking.aspx,https://www.gov.uk/government/speeches/the-role-of-uk-law-as-a-model-for-combating-human-trafficking-and-slavery,301
http://www.ago.gov.uk/NewsCentre/Speeches/Pages/AttorneyGeneralspeechon'Advocacy%2Cpast%2Cpresentandfuture-constantvaluesforamodernBar'attheWorldBarConferenceGalaDinner.aspx,https://www.gov.uk/government/speeches/advocacy-past-present-and-future-constant-values-for-a-modern-bar,301
http://www.ago.gov.uk/NewsCentre/Speeches/Pages/AttorneyGeneralspeechtoCPSCrownAdvocatesconeference.aspx,,410
http://www.ago.gov.uk/NewsCentre/Speeches/Pages/AttorneyGeneralspeechtoSolicitors.aspx,https://www.gov.uk/government/speeches/speech-to-the-solicitors-association-of-higher-court-advocates-conference,301
http://www.ago.gov.uk/NewsCentre/Speeches/Pages/AttorneyGeneralspeechtothe.aspx,https://www.gov.uk/government/speeches/speech-to-the-institute-of-legal-executives,301
http://www.ago.gov.uk/NewsCentre/Speeches/Pages/AttorneyGeneralthestateofHumanRightsinEurope.aspx,https://www.gov.uk/government/speeches/speech-the-state-of-human-rights-in-europe,301
http://www.ago.gov.uk/NewsCentre/Speeches/Pages/BuildingTrustAndConfidenceThroughEffectiveJustice.aspx,,410
http://www.ago.gov.uk/NewsCentre/Speeches/Pages/CPSCrimesAgainstOlderPeople%E2%80%93ProsecutionPolicy.aspx,,410
http://www.ago.gov.uk/NewsCentre/Speeches/Pages/Churches%E2%80%99MediaConference%2CFaithInThePublicSpace%E2%80%93TheNewEnlightenment.aspx,,410
http://www.ago.gov.uk/NewsCentre/Speeches/Pages/ContemptAbalancingact.aspx,https://www.gov.uk/government/speeches/contempt-a-balancing-act,301
http://www.ago.gov.uk/NewsCentre/Speeches/Pages/CreatingAModernPublicProsecutionServiceOurNewContractWithTheCommunity.aspx,,410
http://www.ago.gov.uk/NewsCentre/Speeches/Pages/CrownProsecutionService%E2%80%93SpecialCrimeDivisionConference.aspx,,410
http://www.ago.gov.uk/NewsCentre/Speeches/Pages/DeliveringanExcellentPublicProsecutionService.aspx,,410
http://www.ago.gov.uk/NewsCentre/Speeches/Pages/EuropeanLawHumanRights.aspx,,410
http://www.ago.gov.uk/NewsCentre/Speeches/Pages/FSAInternationalBoilerRoomConference.aspx,,410
http://www.ago.gov.uk/NewsCentre/Speeches/Pages/FTGlobalEventstheBanker6thAnnualConferenceCombatingFinancialCrime2008.aspx,,410
http://www.ago.gov.uk/NewsCentre/Speeches/Pages/JusticeForAll%E2%80%93ClosingTheGapForFraudVictimsattheBarCouncilLawReformLecture.aspx,,410
http://www.ago.gov.uk/NewsCentre/Speeches/Pages/KeynoteAddressAtLawSocietyOfScotlandConference-TheRuleOfLaw.aspx,,410
http://www.ago.gov.uk/NewsCentre/Speeches/Pages/KeynoteSpeech%E2%80%93CPSCommunityConference.aspx,,410
http://www.ago.gov.uk/NewsCentre/Speeches/Pages/KeynoteSpeech%E2%80%93InnerLondonYouthConference.aspx,,410
http://www.ago.gov.uk/NewsCentre/Speeches/Pages/LOVELL%E2%80%99SWOMEN%E2%80%99SNETWORKEVENT.aspx,,410
http://www.ago.gov.uk/NewsCentre/Speeches/Pages/NoWitnessNoJustice%E2%80%933rdNationalConference.aspx,,410
http://www.ago.gov.uk/NewsCentre/Speeches/Pages/OxfordHonourBasedViolenceConference.aspx,,410
http://www.ago.gov.uk/NewsCentre/Speeches/Pages/ProstitutionPolicyNewDirections.aspx,,410
http://www.ago.gov.uk/NewsCentre/Speeches/Pages/RetainingTalentThroughABalancedCulture.aspx,,410
http://www.ago.gov.uk/NewsCentre/Speeches/Pages/Solicitor.aspx,,410
http://www.ago.gov.uk/NewsCentre/Speeches/Pages/SolicitorGeneral.aspx,,410
http://www.ago.gov.uk/NewsCentre/Speeches/Pages/SolicitorGeneralCIPFABetterGovernanceForumAnnualConference.aspx,https://www.gov.uk/government/speeches/speech-to-the-chartered-institute-of-public-finance-and-accountancy,301
http://www.ago.gov.uk/NewsCentre/Speeches/Pages/SolicitorGeneralDacorumdforum.aspx,,410
http://www.ago.gov.uk/NewsCentre/Speeches/Pages/SolicitorGeneralInterParliamentaryUnion(IPU)SeminaronHumanTrafficking.aspx,,410
http://www.ago.gov.uk/NewsCentre/Speeches/Pages/SolicitorGeneralKeynotespeechtoWorldBriberyandCorruptionComplianceForum.aspx,https://www.gov.uk/government/speeches/keynote-speech-to-the-world-bribery-and-corruption-compliance-forum,301
http://www.ago.gov.uk/NewsCentre/Speeches/Pages/SolicitorGeneralSt%20Marys%20Conference.aspx,,410
http://www.ago.gov.uk/NewsCentre/Speeches/Pages/SolicitorGeneralhumantrafficking.aspx,https://www.gov.uk/government/speeches/prosecuting-human-trafficking-and-slavery-the-law-and-the-uk-response,301
http://www.ago.gov.uk/NewsCentre/Speeches/Pages/SolicitorGeneralspeechto2011LegalWalesConference.aspx,https://www.gov.uk/government/speeches/speech-to-2011-legal-wales-conference,301
http://www.ago.gov.uk/NewsCentre/Speeches/Pages/SolicitorGeneralspeechtoannualRetailFraudConference.aspx,https://www.gov.uk/government/speeches/speech-to-the-annual-retail-fraud-conference,301
http://www.ago.gov.uk/NewsCentre/Speeches/Pages/SolicitorGeneralspeechtotheALBAsummerconference.aspx,https://www.gov.uk/government/speeches/speech-to-the-constitutional-and-administrative-law-bar-association,301
http://www.ago.gov.uk/NewsCentre/Speeches/Pages/SolicitorGeneraltheroleofthelawofficers.aspx,https://www.gov.uk/government/speeches/the-role-of-the-law-officers,301
http://www.ago.gov.uk/NewsCentre/Speeches/Pages/SolicitorGeneralwelcomespeechfornewGovernmentLegalService.aspx,,410
http://www.ago.gov.uk/NewsCentre/Speeches/Pages/Speech%20to%20Annual%20Conference%20of%20the%20Institute%20of%20Money%20Laundering%20Prevention%20Officers.aspx,https://www.gov.uk/government/speeches/speech-to-annual-conference-of-the-institute-of-money-laundering-prevention-officers,301
http://www.ago.gov.uk/NewsCentre/Speeches/Pages/Speech%E2%80%93%E2%80%98NoMoreExcuses%E2%80%99DomesticViolenceConference.aspx,,410
http://www.ago.gov.uk/NewsCentre/Speeches/Pages/SpeechToBlackSolicitors%E2%80%99NetworkDinner.aspx,,410
http://www.ago.gov.uk/NewsCentre/Speeches/Pages/SpeechToKLGatesLegalFirm%E2%80%98ProBonoTheFinestEloquenceIsThatWhichGetsThingsDone%E2%80%99.aspx,,410
http://www.ago.gov.uk/NewsCentre/Speeches/Pages/StoppingTraffick%E2%80%9909Conference.aspx,,410
http://www.ago.gov.uk/NewsCentre/Speeches/Pages/StrategicPlanForReducingRe-Offending2008-11North-EastConsultationEventNationalOffenderManagementService.aspx,,410
http://www.ago.gov.uk/NewsCentre/Speeches/Pages/TacklingGangsActionPlan.aspx,,410
http://www.ago.gov.uk/NewsCentre/Speeches/Pages/TheBarnardo%E2%80%99sLectureJusticeorordealsupportingandtreatingchildrenfairlythroughthetrialprocess.aspx,https://www.gov.uk/government/speeches/the-barnardos-lecture,301
http://www.ago.gov.uk/NewsCentre/Speeches/Pages/TheCaribbeanIn2020Sinking%2CSurvivingOrProspering-AUKPerspective.aspx,,410
http://www.ago.gov.uk/NewsCentre/Speeches/Pages/TheLaunchOfNationalProBonoWeek2008.aspx,,410
http://www.ago.gov.uk/NewsCentre/Speeches/Pages/TheNationalFraudStrategy.aspx,,410
http://www.ago.gov.uk/NewsCentre/Speeches/Pages/TheRoleOfTheUnitedKingdomInTheInternationalFightAgainstFraud.aspx,,410
http://www.ago.gov.uk/NewsCentre/Speeches/Pages/ThelaunchoftheInternationalProBonoDatabaseandtheStatementofPrinciplesforInternationalProBono.aspx,,410
http://www.ago.gov.uk/NewsCentre/Speeches/Pages/default.aspx,https://www.gov.uk/government/announcements?departments%5B%5D=attorney-generals-office,301
http://www.ago.gov.uk/Pages/Accessibility.aspx,https://www.gov.uk/support/accessibility,301
http://www.ago.gov.uk/Pages/ContactUs.aspx,https://www.gov.uk/government/organisations/attorney-generals-office#org-contacts,301
http://www.ago.gov.uk/Pages/Cookies.aspx,https://www.gov.uk/support/cookies,301
http://www.ago.gov.uk/Pages/Copyright.aspx,https://www.nationalarchives.gov.uk/doc/open-government-licence/,301
http://www.ago.gov.uk/Pages/Directgov.aspx,https://www.gov.uk/,301
http://www.ago.gov.uk/Pages/InformationCharter.aspx,https://www.gov.uk/government/organisations/attorney-generals-office/about/personal-information-charter,301
http://www.ago.gov.uk/Pages/SiteMap.aspx,https://www.gov.uk/support,301
http://www.ago.gov.uk/Pages/TermsandConditions.aspx,https://www.gov.uk/support,301
http://www.ago.gov.uk/Pages/default.aspx,https://www.gov.uk/government/organisations/attorney-generals-office,301
http://www.ago.gov.uk/Publications/Pages/AnnualReviews.aspx,https://www.gov.uk/browse/justice/courts-sentencing-tribunals/attorney-general-guidance-to-the-legal-profession,301
http://www.ago.gov.uk/Publications/Pages/AttorneyGeneral'sguidelinesontheacceptanceofpleas(revised2009).aspx,https://www.gov.uk/the-acceptance-of-pleas-and-the-prosecutors-role-in-the-sentencing-exercise,301
http://www.ago.gov.uk/Publications/Pages/AttorneyGeneralissuedguidancetoprosectuingbodiesontheirassetrecoverypowersunder.aspx,https://www.gov.uk/asset-recovery-powers-for-prosecutors-guidance-and-background-note-2009,301
http://www.ago.gov.uk/Publications/Pages/AttorneyGeneralsGuidelines.aspx,https://www.gov.uk/browse/justice/courts-sentencing-tribunals/attorney-general-guidance-to-the-legal-profession,301
http://www.ago.gov.uk/Publications/Pages/Backgroundandsummaryofguidanceonassetrecovery.aspx,https://www.gov.uk/asset-recovery-powers-for-prosecutors-guidance-and-background-note-2009,301
http://www.ago.gov.uk/Publications/Pages/CriminalJusticeReports.aspx,https://www.gov.uk/government/publications?departments%5B%5D=attorney-generals-office,301
http://www.ago.gov.uk/Publications/Pages/DepartmentReports.aspx,https://www.gov.uk/government/publications?departments%5B%5D=attorney-generals-office,301
http://www.ago.gov.uk/Publications/Pages/DrKelly.aspx,,410
http://www.ago.gov.uk/Publications/Pages/Linkstopublisheddisclosuresrelatingtoadviceonlegalityof2003militaryactioninIraq.aspx,,410
http://www.ago.gov.uk/Publications/Pages/default.aspx,https://www.gov.uk/government/publications?departments%5B%5D=attorney-generals-office,301
http://www.ago.gov.uk/TheLawOfficers/Pages/AttorneyGeneralBiog.aspx,https://www.gov.uk/government/people/dominic-grieve,301
http://www.ago.gov.uk/TheLawOfficers/Pages/SolicitorGeneralBiog.aspx,https://www.gov.uk/government/people/oliver-heald,301
http://www.ago.gov.uk/TheLawOfficers/Pages/default.aspx,https://www.gov.uk/government/ministers/attorney-general,301
http://www.ago.gov.uk/ULS/Pages/Statistics.aspx,https://www.gov.uk/government/publications/unduly-lenient-sentence-statistics--3,301
http://www.ago.gov.uk/ULS/Pages/default.aspx,https://www.gov.uk/complain-about-low-crown-court-sentence,301
http://www.ago.gov.uk/ULS/pages/default.aspx,https://www.gov.uk/complain-about-low-crown-court-sentence,301
http://www.ago.gov.uk/newscentre/pages/newspapersguiltyofcontemptduringmurderinvestigation.aspx,https://www.gov.uk/government/news/newspapers-guilty-of-contempt-during-joanna-yeates-murder-investigation,301
http://www.ago.gov.uk/newscentre/speeches/pages/4thannualnowitnessnojusticeconference.aspx,,410
http://www.ago.gov.uk/pages/default.aspx,https://www.gov.uk/government/organisations/attorney-generals-office,301
http://www.ago.gov.uk/publications/Pages/default.aspx,https://www.gov.uk/government/publications?departments%5B%5D=attorney-generals-office,301
http://www.ago.gov.uk/publications/pages/attorneygeneral'sguidelinesontheacceptanceofpleas(revised2009).aspx,https://www.gov.uk/the-acceptance-of-pleas-and-the-prosecutors-role-in-the-sentencing-exercise,301
http://www.ago.gov.uk/uls/Pages/default.aspx,https://www.gov.uk/complain-about-low-crown-court-sentence,301
http://www.attorneygeneral.gov.uk/NewsCentre/Pages/AttorneyGeneralmakesapplicationforfreshinquests.aspx,https://www.gov.uk/government/news/attorney-general-applies-for-fresh-inquests-for-victims-of-hillsborough-disaster,301
