Old Url,New Url,Status,Suggested Link
http://www.ukwelcomes.businesslink.gov.uk/bdotg/action/detail?itemid=1083989403,,410,http://www.hse.gov.uk/simple-health-safety/get.htm
http://www.ukwelcomes.businesslink.gov.uk/bdotg/action/detail?itemid=1083989408,,410,http://www.hse.gov.uk/simple-health-safety/get.htm
http://www.ukwelcomes.businesslink.gov.uk/bdotg/action/detail?itemid=1083989412,,410,http://www.hse.gov.uk/simple-health-safety/get.htm
http://www.ukwelcomes.businesslink.gov.uk/bdotg/action/detail?itemid=1083989417,,410,http://www.hse.gov.uk/simple-health-safety/get.htm
http://www.ukwelcomes.businesslink.gov.uk/bdotg/action/detail?itemid=1083989420,,410,http://www.hse.gov.uk/simple-health-safety/get.htm
http://www.ukwelcomes.businesslink.gov.uk/bdotg/action/detail?itemid=1083989423,,410,http://www.hse.gov.uk/simple-health-safety/get.htm
http://www.ukwelcomes.businesslink.gov.uk/bdotg/action/detail?itemid=1083989426,,410,http://www.hse.gov.uk/simple-health-safety/get.htm
http://www.ukwelcomes.businesslink.gov.uk/bdotg/action/detail?itemid=1083989431,,410,http://www.hse.gov.uk/simple-health-safety/get.htm
http://www.ukwelcomes.businesslink.gov.uk/bdotg/action/detail?itemid=1083989460,https://www.gov.uk/uk-visa-sponsorship-employers/before-you-can-sponsor-an-employee,301
http://www.ukwelcomes.businesslink.gov.uk/bdotg/action/detail?itemid=1083989465,https://www.gov.uk/uk-visa-sponsorship-employers/before-you-can-sponsor-an-employee,301
http://www.ukwelcomes.businesslink.gov.uk/bdotg/action/detail?itemid=1083989468,https://www.gov.uk/uk-visa-sponsorship-employers/before-you-can-sponsor-an-employee,301
http://www.ukwelcomes.businesslink.gov.uk/bdotg/action/detail?itemid=1083989471,https://www.gov.uk/uk-visa-sponsorship-employers/before-you-can-sponsor-an-employee,301
http://www.ukwelcomes.businesslink.gov.uk/bdotg/action/detail?itemid=1083989480,https://www.gov.uk/uk-visa-sponsorship-employers/before-you-can-sponsor-an-employee,301
http://www.ukwelcomes.businesslink.gov.uk/bdotg/action/detail?itemid=1083989485,https://www.gov.uk/uk-visa-sponsorship-employers/before-you-can-sponsor-an-employee,301
http://www.ukwelcomes.businesslink.gov.uk/bdotg/action/detail?itemid=1083989537,https://www.gov.uk/check-an-employees-right-to-work-documents,301
http://www.ukwelcomes.businesslink.gov.uk/bdotg/action/detail?itemid=1083989546,https://www.gov.uk/business-finance-explained,301
http://www.ukwelcomes.businesslink.gov.uk/bdotg/action/detail?itemid=1083989557,https://www.gov.uk/starting-up-a-business,301
http://www.ukwelcomes.businesslink.gov.uk/bdotg/action/detail?itemid=1083989565,https://www.gov.uk/starting-up-a-business,301
http://www.ukwelcomes.businesslink.gov.uk/bdotg/action/detail?itemid=1083989570,,410
http://www.ukwelcomes.businesslink.gov.uk/bdotg/action/detail?itemid=1083989578,https://www.gov.uk/starting-up-a-business,301
http://www.ukwelcomes.businesslink.gov.uk/bdotg/action/detail?itemid=1083989590,,410
http://www.ukwelcomes.businesslink.gov.uk/bdotg/action/detail?itemid=1083989605,https://www.gov.uk/starting-up-a-business,301
http://www.ukwelcomes.businesslink.gov.uk/bdotg/action/detail?itemid=1083989614,,410
http://www.ukwelcomes.businesslink.gov.uk/bdotg/action/detail?itemid=1083989620,https://www.gov.uk/business-finance-support-finder,301
http://www.ukwelcomes.businesslink.gov.uk/bdotg/action/detail?itemid=1083989628,,410
http://www.ukwelcomes.businesslink.gov.uk/bdotg/action/detail?itemid=1083989638,,410
http://www.ukwelcomes.businesslink.gov.uk/bdotg/action/detail?itemid=1083989647,,410
http://www.ukwelcomes.businesslink.gov.uk/bdotg/action/detail?itemid=1083989652,,410
http://www.ukwelcomes.businesslink.gov.uk/bdotg/action/detail?itemid=1083989667,,410
http://www.ukwelcomes.businesslink.gov.uk/bdotg/action/detail?itemid=1083989682,,410
http://www.ukwelcomes.businesslink.gov.uk/bdotg/action/detail?itemid=1083989690,,410
http://www.ukwelcomes.businesslink.gov.uk/bdotg/action/detail?itemid=1083989697,,410
http://www.ukwelcomes.businesslink.gov.uk/bdotg/action/detail?itemid=1083989718,,410
http://www.ukwelcomes.businesslink.gov.uk/bdotg/action/detail?itemid=1083989726,,410
http://www.ukwelcomes.businesslink.gov.uk/bdotg/action/detail?itemid=1083989730,,410
http://www.ukwelcomes.businesslink.gov.uk/bdotg/action/detail?itemid=1083989740,,410
http://www.ukwelcomes.businesslink.gov.uk/bdotg/action/detail?itemid=1083989758,,410
http://www.ukwelcomes.businesslink.gov.uk/bdotg/action/detail?itemid=1083989815,https://www.gov.uk/uk-welcomes-business,301
http://www.ukwelcomes.businesslink.gov.uk/bdotg/action/detail?itemid=1083989836,https://www.gov.uk/uk-welcomes-business,301
http://www.ukwelcomes.businesslink.gov.uk/bdotg/action/detail?itemid=1083989855,https://www.gov.uk/uk-welcomes-business,301
http://www.ukwelcomes.businesslink.gov.uk/bdotg/action/detail?itemid=1083989867,,410,http://cimmarketingexpert.co.uk/
http://www.ukwelcomes.businesslink.gov.uk/bdotg/action/detail?itemid=1083989903,,410
http://www.ukwelcomes.businesslink.gov.uk/bdotg/action/detail?itemid=1083989913,,410
http://www.ukwelcomes.businesslink.gov.uk/bdotg/action/detail?itemid=1083989921,,410
http://www.ukwelcomes.businesslink.gov.uk/bdotg/action/detail?itemid=1083989925,,410
http://www.ukwelcomes.businesslink.gov.uk/bdotg/action/detail?itemid=1083989929,,410
http://www.ukwelcomes.businesslink.gov.uk/bdotg/action/detail?itemid=1083989936,,410
http://www.ukwelcomes.businesslink.gov.uk/bdotg/action/detail?itemid=1083989944,,410
http://www.ukwelcomes.businesslink.gov.uk/bdotg/action/detail?itemid=1083989950,,410
http://www.ukwelcomes.businesslink.gov.uk/bdotg/action/detail?itemid=1083989954,,410
http://www.ukwelcomes.businesslink.gov.uk/bdotg/action/detail?itemid=1083989958,,410
http://www.ukwelcomes.businesslink.gov.uk/bdotg/action/detail?itemid=1083989963,,410,http://cimmarketingexpert.co.uk/
http://www.ukwelcomes.businesslink.gov.uk/bdotg/action/detail?itemid=1083989973,https://www.gov.uk/register-as-an-overseas-company,301
http://www.ukwelcomes.businesslink.gov.uk/bdotg/action/detail?itemid=1083989982,,410,http://cimmarketingexpert.co.uk/
http://www.ukwelcomes.businesslink.gov.uk/bdotg/action/detail?itemid=1083989993,,410,http://www.cips.org/en-GB/
http://www.ukwelcomes.businesslink.gov.uk/bdotg/action/detail?itemid=1083989997,https://www.gov.uk/register-as-an-overseas-company,301
http://www.ukwelcomes.businesslink.gov.uk/bdotg/action/detail?itemid=1083990004,https://www.gov.uk/register-as-an-overseas-company,301
http://www.ukwelcomes.businesslink.gov.uk/bdotg/action/detail?itemid=1083990007,,410,http://www.cips.org/en-GB/
http://www.ukwelcomes.businesslink.gov.uk/bdotg/action/detail?itemid=1083990021,,410,http://cimmarketingexpert.co.uk/
http://www.ukwelcomes.businesslink.gov.uk/bdotg/action/detail?itemid=1083990027,,410,http://cimmarketingexpert.co.uk/
http://www.ukwelcomes.businesslink.gov.uk/bdotg/action/detail?itemid=1083990033,,410,http://www.electoralcommission.org.uk/
http://www.ukwelcomes.businesslink.gov.uk/bdotg/action/detail?itemid=1083990041,,410,http://www.electoralcommission.org.uk/
http://www.ukwelcomes.businesslink.gov.uk/bdotg/action/detail?itemid=1083990045,,410,http://www.electoralcommission.org.uk/
http://www.ukwelcomes.businesslink.gov.uk/bdotg/action/detail?itemid=1083990054,https://www.gov.uk/competition-law-unfair-pricing-agreements,301
http://www.ukwelcomes.businesslink.gov.uk/bdotg/action/detail?itemid=1083990071,https://www.gov.uk/competition-law-unfair-pricing-agreements,301
http://www.ukwelcomes.businesslink.gov.uk/bdotg/action/detail?itemid=1083990078,,410,http://www.cips.org/en-GB/
http://www.ukwelcomes.businesslink.gov.uk/bdotg/action/detail?itemid=1083990087,,410,http://www.electoralcommission.org.uk/
http://www.ukwelcomes.businesslink.gov.uk/bdotg/action/detail?itemid=1083990091,,410,http://www.electoralcommission.org.uk/
http://www.ukwelcomes.businesslink.gov.uk/bdotg/action/detail?itemid=1083990097,,410,http://www.electoralcommission.org.uk/
http://www.ukwelcomes.businesslink.gov.uk/bdotg/action/detail?itemid=1083990100,,410,http://www.electoralcommission.org.uk/
http://www.ukwelcomes.businesslink.gov.uk/bdotg/action/detail?itemid=1083990257,https://www.gov.uk/browse/justice,301
http://www.ukwelcomes.businesslink.gov.uk/bdotg/action/detail?itemid=1083990260,https://www.gov.uk/browse/justice,301
http://www.ukwelcomes.businesslink.gov.uk/bdotg/action/detail?itemid=1083990267,https://www.gov.uk/browse/justice,301
http://www.ukwelcomes.businesslink.gov.uk/bdotg/action/detail?itemid=1083990289,https://www.gov.uk/browse/justice,301
http://www.ukwelcomes.businesslink.gov.uk/bdotg/action/detail?itemid=1083990292,https://www.gov.uk/browse/justice,301
http://www.ukwelcomes.businesslink.gov.uk/bdotg/action/detail?itemid=1083990298,https://www.gov.uk/browse/justice,301
http://www.ukwelcomes.businesslink.gov.uk/bdotg/action/detail?itemid=1083990306,https://www.gov.uk/browse/justice,301
http://www.ukwelcomes.businesslink.gov.uk/bdotg/action/detail?itemid=1083990320,https://www.gov.uk/selling-your-business-your-responsibilities,301
http://www.ukwelcomes.businesslink.gov.uk/bdotg/action/detail?itemid=1083990328,https://www.gov.uk/selling-your-business-your-responsibilities,301
http://www.ukwelcomes.businesslink.gov.uk/bdotg/action/detail?itemid=1083990333,https://www.gov.uk/selling-your-business-your-responsibilities,301
http://www.ukwelcomes.businesslink.gov.uk/bdotg/action/detail?itemid=1083990341,https://www.gov.uk/selling-your-business-your-responsibilities,301
http://www.ukwelcomes.businesslink.gov.uk/bdotg/action/detail?itemid=1083990350,http://www.hse.gov.uk/,301
http://www.ukwelcomes.businesslink.gov.uk/bdotg/action/detail?itemid=1083990376,http://www.hse.gov.uk/,301
http://www.ukwelcomes.businesslink.gov.uk/bdotg/action/detail?itemid=1083990384,http://www.hse.gov.uk/,301
http://www.ukwelcomes.businesslink.gov.uk/bdotg/action/detail?itemid=1083990390,http://www.hse.gov.uk/,301
http://www.ukwelcomes.businesslink.gov.uk/bdotg/action/detail?itemid=1083990399,http://www.hse.gov.uk/,301
http://www.ukwelcomes.businesslink.gov.uk/bdotg/action/detail?itemid=1083990409,http://www.hse.gov.uk/,301
http://www.ukwelcomes.businesslink.gov.uk/bdotg/action/detail?itemid=1083990419,http://www.hse.gov.uk/,301
http://www.ukwelcomes.businesslink.gov.uk/bdotg/action/detail?itemid=1083990430,http://www.hse.gov.uk/,301
http://www.ukwelcomes.businesslink.gov.uk/bdotg/action/detail?itemid=1083990439,http://www.hse.gov.uk/,301
http://www.ukwelcomes.businesslink.gov.uk/bdotg/action/detail?itemid=1083990444,http://www.hse.gov.uk/,301
http://www.ukwelcomes.businesslink.gov.uk/bdotg/action/detail?itemid=1083990455,http://www.hse.gov.uk/,301
http://www.ukwelcomes.businesslink.gov.uk/bdotg/action/detail?itemid=1083990462,https://www.gov.uk/managing-your-waste-an-overview,301
http://www.ukwelcomes.businesslink.gov.uk/bdotg/action/detail?itemid=1083990468,https://www.gov.uk/managing-your-waste-an-overview,301
http://www.ukwelcomes.businesslink.gov.uk/bdotg/action/detail?itemid=1083990472,https://www.gov.uk/managing-your-waste-an-overview,301
http://www.ukwelcomes.businesslink.gov.uk/bdotg/action/detail?itemid=1083990476,https://www.gov.uk/managing-your-waste-an-overview,301
http://www.ukwelcomes.businesslink.gov.uk/bdotg/action/detail?itemid=1083990483,https://www.gov.uk/managing-your-waste-an-overview,301
http://www.ukwelcomes.businesslink.gov.uk/bdotg/action/detail?itemid=1083990492,https://www.gov.uk/uk-welcomes-business,301
http://www.ukwelcomes.businesslink.gov.uk/bdotg/action/detail?itemid=1083990499,https://www.gov.uk/uk-welcomes-business,301
http://www.ukwelcomes.businesslink.gov.uk/bdotg/action/detail?itemid=1083990510,https://www.gov.uk/managing-your-waste-an-overview,301
http://www.ukwelcomes.businesslink.gov.uk/bdotg/action/detail?itemid=1083990546,https://www.gov.uk/uk-welcomes-business,301
http://www.ukwelcomes.businesslink.gov.uk/bdotg/action/detail?itemid=1083990553,https://www.gov.uk/uk-welcomes-business,301
http://www.ukwelcomes.businesslink.gov.uk/bdotg/action/detail?itemid=1083990566,https://www.gov.uk/uk-welcomes-business,301
http://www.ukwelcomes.businesslink.gov.uk/bdotg/action/detail?itemid=1083990576,https://www.gov.uk/uk-welcomes-business,301
http://www.ukwelcomes.businesslink.gov.uk/bdotg/action/detail?itemid=1083990598,https://www.gov.uk/uk-welcomes-business,301
http://www.ukwelcomes.businesslink.gov.uk/bdotg/action/detail?itemid=1083990737,https://www.gov.uk/vat-businesses,301
http://www.ukwelcomes.businesslink.gov.uk/bdotg/action/detail?itemid=1083990747,https://www.gov.uk/prepare-file-annual-accounts-for-limited-company,301
http://www.ukwelcomes.businesslink.gov.uk/bdotg/action/detail?itemid=1083990757,https://www.gov.uk/uk-welcomes-business,301
http://www.ukwelcomes.businesslink.gov.uk/bdotg/action/detail?itemid=1083990767,https://www.gov.uk/capital-gains-tax,301
http://www.ukwelcomes.businesslink.gov.uk/bdotg/action/detail?itemid=1083990793,https://www.gov.uk/introduction-to-business-rates,301
http://www.ukwelcomes.businesslink.gov.uk/bdotg/action/detail?itemid=1083990803,https://www.gov.uk/uk-welcomes-business,301
http://www.ukwelcomes.businesslink.gov.uk/bdotg/action/detail?itemid=1083990809,https://www.gov.uk/file-your-company-accounts-and-tax-return,301
http://www.ukwelcomes.businesslink.gov.uk/bdotg/action/detail?itemid=1083990886,https://www.gov.uk/business-finance-support-finder,301
http://www.ukwelcomes.businesslink.gov.uk/bdotg/action/detail?itemid=1083990900,https://www.gov.uk/business-finance-support-finder,301
http://www.ukwelcomes.businesslink.gov.uk/bdotg/action/detail?itemid=1083990921,https://www.gov.uk/business-finance-support-finder,301
http://www.ukwelcomes.businesslink.gov.uk/bdotg/action/detail?itemid=1083990925,https://www.gov.uk/business-finance-support-finder,301
http://www.ukwelcomes.businesslink.gov.uk/bdotg/action/detail?itemid=1083990973,https://www.gov.uk/uk-welcomes-business,301
http://www.ukwelcomes.businesslink.gov.uk/bdotg/action/detail?itemid=1083990981,https://www.gov.uk/uk-welcomes-business,301
http://www.ukwelcomes.businesslink.gov.uk/bdotg/action/detail?itemid=1083990987,https://www.gov.uk/uk-welcomes-business,301
http://www.ukwelcomes.businesslink.gov.uk/bdotg/action/detail?itemid=1083991015,https://www.gov.uk/uk-welcomes-business,301
http://www.ukwelcomes.businesslink.gov.uk/bdotg/action/detail?itemid=1083991051,https://www.gov.uk/browse/education,301
http://www.ukwelcomes.businesslink.gov.uk/bdotg/action/detail?itemid=1083991068,https://www.gov.uk/browse/education,301
http://www.ukwelcomes.businesslink.gov.uk/bdotg/action/detail?itemid=1083991080,https://www.gov.uk/browse/education,301
http://www.ukwelcomes.businesslink.gov.uk/bdotg/action/detail?itemid=1083991089,https://www.gov.uk/browse/education,301
http://www.ukwelcomes.businesslink.gov.uk/bdotg/action/detail?itemid=1083991096,https://www.gov.uk/browse/education,301
http://www.ukwelcomes.businesslink.gov.uk/bdotg/action/detail?itemid=1083991099,https://www.gov.uk/browse/education,301
http://www.ukwelcomes.businesslink.gov.uk/bdotg/action/detail?itemid=1083991105,https://www.gov.uk/browse/education,301
http://www.ukwelcomes.businesslink.gov.uk/bdotg/action/detail?itemid=1083991129,https://www.gov.uk/browse/education,301
http://www.ukwelcomes.businesslink.gov.uk/bdotg/action/detail?itemid=1083991136,https://www.gov.uk/browse/education,301
http://www.ukwelcomes.businesslink.gov.uk/bdotg/action/detail?itemid=1083991286,https://www.gov.uk/understand-how-your-council-works/types-of-council,301
http://www.ukwelcomes.businesslink.gov.uk/bdotg/action/detail?itemid=1083991290,https://www.gov.uk/understand-how-your-council-works/types-of-council,301
http://www.ukwelcomes.businesslink.gov.uk/bdotg/action/detail?itemid=1083991299,https://www.gov.uk/understand-how-your-council-works/types-of-council,301
http://www.ukwelcomes.businesslink.gov.uk/bdotg/action/detail?itemid=1083991321,https://www.gov.uk/understand-how-your-council-works/types-of-council,301
http://www.ukwelcomes.businesslink.gov.uk/bdotg/action/detail?itemid=1083991333,https://www.gov.uk/understand-how-your-council-works/types-of-council,301
http://www.ukwelcomes.businesslink.gov.uk/bdotg/action/detail?itemid=1083991339,,410,http://www.ons.gov.uk/ons/index.html
http://www.ukwelcomes.businesslink.gov.uk/bdotg/action/detail?itemid=1083991363,https://www.gov.uk/capital-allowances,301
http://www.ukwelcomes.businesslink.gov.uk/bdotg/action/detail?itemid=1083991368,,410,http://www.ons.gov.uk/ons/index.html
http://www.ukwelcomes.businesslink.gov.uk/bdotg/action/detail?itemid=1083991384,,410,http://www.ons.gov.uk/ons/index.html
http://www.ukwelcomes.businesslink.gov.uk/bdotg/action/detail?itemid=1083991388,,410,http://www.ons.gov.uk/ons/index.html
http://www.ukwelcomes.businesslink.gov.uk/bdotg/action/detail?itemid=1083991393,https://www.gov.uk/capital-allowances,301
http://www.ukwelcomes.businesslink.gov.uk/bdotg/action/detail?itemid=1083991398,,410,http://www.ons.gov.uk/ons/index.html
http://www.ukwelcomes.businesslink.gov.uk/bdotg/action/detail?itemid=1083991407,https://www.gov.uk/capital-allowances,301
http://www.ukwelcomes.businesslink.gov.uk/bdotg/action/detail?itemid=1083991429,,410
http://www.ukwelcomes.businesslink.gov.uk/bdotg/action/detail?itemid=1083991443,,410
http://www.ukwelcomes.businesslink.gov.uk/bdotg/action/detail?itemid=1083991447,,410
http://www.ukwelcomes.businesslink.gov.uk/bdotg/action/detail?itemid=1083991458,,410
http://www.ukwelcomes.businesslink.gov.uk/bdotg/action/detail?itemid=1083991462,,410
http://www.ukwelcomes.businesslink.gov.uk/bdotg/action/detail?itemid=1083991465,,410
http://www.ukwelcomes.businesslink.gov.uk/bdotg/action/detail?itemid=1083991487,https://www.gov.uk/marketing-advertising-law,301
http://www.ukwelcomes.businesslink.gov.uk/bdotg/action/detail?itemid=1083991511,,410
http://www.ukwelcomes.businesslink.gov.uk/bdotg/action/detail?itemid=1083991526,,410
http://www.ukwelcomes.businesslink.gov.uk/bdotg/action/detail?itemid=1083991535,,410,http://oft.gov.uk/
http://www.ukwelcomes.businesslink.gov.uk/bdotg/action/detail?itemid=1083991544,https://www.gov.uk/data-protection-your-business,301
http://www.ukwelcomes.businesslink.gov.uk/bdotg/action/detail?itemid=1083991555,https://www.gov.uk/intellectual-property-an-overview,301
http://www.ukwelcomes.businesslink.gov.uk/bdotg/action/detail?itemid=1083991560,https://www.gov.uk/intellectual-property-an-overview,301
http://www.ukwelcomes.businesslink.gov.uk/bdotg/action/detail?itemid=1083991565,https://www.gov.uk/intellectual-property-an-overview,301
http://www.ukwelcomes.businesslink.gov.uk/bdotg/action/detail?itemid=1083991569,https://www.gov.uk/intellectual-property-an-overview,301
http://www.ukwelcomes.businesslink.gov.uk/bdotg/action/detail?itemid=1083991572,https://www.gov.uk/intellectual-property-an-overview,301
http://www.ukwelcomes.businesslink.gov.uk/bdotg/action/detail?itemid=1083991575,https://www.gov.uk/intellectual-property-an-overview,301
http://www.ukwelcomes.businesslink.gov.uk/bdotg/action/detail?itemid=1083991628,https://www.gov.uk/uk-welcomes-business,301
http://www.ukwelcomes.businesslink.gov.uk/bdotg/action/detail?itemid=1083991635,https://www.gov.uk/uk-welcomes-business,301
http://www.ukwelcomes.businesslink.gov.uk/bdotg/action/detail?itemid=1083991648,https://www.gov.uk/uk-welcomes-business,301
http://www.ukwelcomes.businesslink.gov.uk/bdotg/action/detail?itemid=1083991653,https://www.gov.uk/uk-welcomes-business,301
http://www.ukwelcomes.businesslink.gov.uk/bdotg/action/detail?itemid=1083991661,,410
http://www.ukwelcomes.businesslink.gov.uk/bdotg/action/detail?itemid=1083991664,,410
http://www.ukwelcomes.businesslink.gov.uk/bdotg/action/detail?itemid=1083991669,,410
http://www.ukwelcomes.businesslink.gov.uk/bdotg/action/detail?itemid=1083991677,,410
http://www.ukwelcomes.businesslink.gov.uk/bdotg/action/detail?itemid=1083991683,,410
http://www.ukwelcomes.businesslink.gov.uk/bdotg/action/detail?itemid=1083991686,,410
http://www.ukwelcomes.businesslink.gov.uk/bdotg/action/detail?itemid=1083991694,,410
http://www.ukwelcomes.businesslink.gov.uk/bdotg/action/detail?itemid=1083991698,,410
http://www.ukwelcomes.businesslink.gov.uk/bdotg/action/detail?itemid=1083991763,https://www.gov.uk/late-commercial-payments-interest-debt-recovery,301
http://www.ukwelcomes.businesslink.gov.uk/bdotg/action/detail?itemid=1083991768,https://www.gov.uk/late-commercial-payments-interest-debt-recovery,301
http://www.ukwelcomes.businesslink.gov.uk/bdotg/action/detail?itemid=1083991773,https://www.gov.uk/late-commercial-payments-interest-debt-recovery,301
http://www.ukwelcomes.businesslink.gov.uk/bdotg/action/detail?itemid=1083991777,https://www.gov.uk/late-commercial-payments-interest-debt-recovery,301
http://www.ukwelcomes.businesslink.gov.uk/bdotg/action/detail?itemid=1083991780,https://www.gov.uk/late-commercial-payments-interest-debt-recovery,301
http://www.ukwelcomes.businesslink.gov.uk/bdotg/action/detail?itemid=1083991785,,410
http://www.ukwelcomes.businesslink.gov.uk/bdotg/action/detail?itemid=1083991789,,410,http://cimmarketingexpert.co.uk/
http://www.ukwelcomes.businesslink.gov.uk/bdotg/action/detail?itemid=1083991805,https://www.gov.uk/late-commercial-payments-interest-debt-recovery,301
http://www.ukwelcomes.businesslink.gov.uk/bdotg/action/detail?itemid=1083991812,,410
http://www.ukwelcomes.businesslink.gov.uk/bdotg/action/detail?itemid=1083991817,,410,http://www.itdonut.co.uk
http://www.ukwelcomes.businesslink.gov.uk/bdotg/action/detail?itemid=1083991825,,410,http://www.itdonut.co.uk
http://www.ukwelcomes.businesslink.gov.uk/bdotg/action/detail?itemid=1083991834,,410,http://www.itdonut.co.uk
http://www.ukwelcomes.businesslink.gov.uk/bdotg/action/detail?itemid=1083991842,,410,http://www.itdonut.co.uk
http://www.ukwelcomes.businesslink.gov.uk/bdotg/action/detail?itemid=1083991859,,410
http://www.ukwelcomes.businesslink.gov.uk/bdotg/action/detail?itemid=1083991867,https://www.gov.uk/am-i-getting-minimum-wage,301
http://www.ukwelcomes.businesslink.gov.uk/bdotg/action/detail?itemid=1083991871,,410
http://www.ukwelcomes.businesslink.gov.uk/bdotg/action/detail?itemid=1083991886,,410,http://www.itdonut.co.uk
http://www.ukwelcomes.businesslink.gov.uk/bdotg/action/detail?itemid=1083991892,,410,http://www.itdonut.co.uk
http://www.ukwelcomes.businesslink.gov.uk/bdotg/action/detail?itemid=1083991949,https://www.gov.uk/paye-for-employers,301
http://www.ukwelcomes.businesslink.gov.uk/bdotg/action/detail?itemid=1083991963,https://www.gov.uk/paye-for-employers,301
http://www.ukwelcomes.businesslink.gov.uk/bdotg/action/detail?itemid=1083991991,https://www.gov.uk/paye-for-employers,301
http://www.ukwelcomes.businesslink.gov.uk/bdotg/action/detail?itemid=1083991997,https://www.gov.uk/browse/working/time-off,301
http://www.ukwelcomes.businesslink.gov.uk/bdotg/action/detail?itemid=1083992013,https://www.gov.uk/paye-for-employers,301
http://www.ukwelcomes.businesslink.gov.uk/bdotg/action/detail?itemid=1083992040,https://www.gov.uk/paye-for-employers,301
http://www.ukwelcomes.businesslink.gov.uk/bdotg/action/detail?itemid=1083992044,https://www.gov.uk/paye-for-employers,301
http://www.ukwelcomes.businesslink.gov.uk/bdotg/action/detail?itemid=1083992072,,410,http://www.itdonut.co.uk
http://www.ukwelcomes.businesslink.gov.uk/bdotg/action/detail?itemid=1083992100,,410,http://www.itdonut.co.uk
http://www.ukwelcomes.businesslink.gov.uk/bdotg/action/detail?itemid=1083992118,,410,http://www.itdonut.co.uk
http://www.ukwelcomes.businesslink.gov.uk/bdotg/action/detail?itemid=1083992137,,410,http://www.itdonut.co.uk
http://www.ukwelcomes.businesslink.gov.uk/bdotg/action/detail?itemid=1083992147,,410,http://cimmarketingexpert.co.uk/
http://www.ukwelcomes.businesslink.gov.uk/bdotg/action/detail?itemid=1083992157,,410,http://www.itdonut.co.uk
http://www.ukwelcomes.businesslink.gov.uk/bdotg/action/detail?itemid=1083992169,,410,http://cimmarketingexpert.co.uk/
http://www.ukwelcomes.businesslink.gov.uk/bdotg/action/detail?itemid=1083992177,,410,http://cimmarketingexpert.co.uk/
http://www.ukwelcomes.businesslink.gov.uk/bdotg/action/detail?itemid=1083992184,,410,http://www.itdonut.co.uk
http://www.ukwelcomes.businesslink.gov.uk/bdotg/action/detail?itemid=1083992194,https://www.gov.uk/marketing-advertising-law,301
http://www.ukwelcomes.businesslink.gov.uk/bdotg/action/detail?itemid=1083992210,,410,http://www.itdonut.co.uk
http://www.ukwelcomes.businesslink.gov.uk/bdotg/action/detail?itemid=1083992226,,410,http://cimmarketingexpert.co.uk/
http://www.ukwelcomes.businesslink.gov.uk/bdotg/action/detail?itemid=1083992236,,410,http://www.itdonut.co.uk
http://www.ukwelcomes.businesslink.gov.uk/bdotg/action/detail?itemid=1083992246,https://www.gov.uk/uk-welcomes-business,301
http://www.ukwelcomes.businesslink.gov.uk/bdotg/action/detail?itemid=1083992392,,410
http://www.ukwelcomes.businesslink.gov.uk/bdotg/action/detail?itemid=1083992396,,410
http://www.ukwelcomes.businesslink.gov.uk/bdotg/action/detail?itemid=1083992852,,410
http://www.ukwelcomes.businesslink.gov.uk/bdotg/action/detail?itemid=1083992863,,410
http://www.ukwelcomes.businesslink.gov.uk/bdotg/action/detail?itemid=1083992875,,410,http://www.nhsdirect.nhs.uk/
http://www.ukwelcomes.businesslink.gov.uk/bdotg/action/detail?itemid=1083992878,,410
http://www.ukwelcomes.businesslink.gov.uk/bdotg/action/detail?itemid=1083992893,,410,http://www.nhsdirect.nhs.uk/
http://www.ukwelcomes.businesslink.gov.uk/bdotg/action/detail?itemid=1083992905,,410
http://www.ukwelcomes.businesslink.gov.uk/bdotg/action/detail?itemid=1083992982,https://www.gov.uk/uk-welcomes-business,301
http://www.ukwelcomes.businesslink.gov.uk/bdotg/action/detail?itemid=1083993013,https://www.gov.uk/uk-welcomes-business,301
http://www.ukwelcomes.businesslink.gov.uk/bdotg/action/detail?itemid=1083993046,https://www.gov.uk/uk-welcomes-business,301
http://www.ukwelcomes.businesslink.gov.uk/bdotg/action/detail?itemid=1083993058,https://www.gov.uk/uk-welcomes-business,301
http://www.ukwelcomes.businesslink.gov.uk/bdotg/action/detail?itemid=1083993065,https://www.gov.uk/uk-welcomes-business,301
http://www.ukwelcomes.businesslink.gov.uk/bdotg/action/detail?itemid=1083993209,,410,http://www.itdonut.co.uk
http://www.ukwelcomes.businesslink.gov.uk/bdotg/action/detail?itemid=1083993211,https://www.gov.uk/invoicing-and-taking-payment-from-customers,301
http://www.ukwelcomes.businesslink.gov.uk/bdotg/action/detail?itemid=1083993214,,410,http://oft.gov.uk/
http://www.ukwelcomes.businesslink.gov.uk/bdotg/action/detail?itemid=1083993220,https://www.gov.uk/online-and-distance-selling-for-businesses,301
http://www.ukwelcomes.businesslink.gov.uk/bdotg/action/detail?itemid=1083993224,https://www.gov.uk/invoicing-and-taking-payment-from-customers,301
http://www.ukwelcomes.businesslink.gov.uk/bdotg/action/detail?itemid=1083993358,https://www.gov.uk/contract-types-and-employer-responsibilities,301
http://www.ukwelcomes.businesslink.gov.uk/bdotg/action/detail?itemid=1083993369,https://www.gov.uk/contract-types-and-employer-responsibilities,301
http://www.ukwelcomes.businesslink.gov.uk/bdotg/action/detail?itemid=1083993380,https://www.gov.uk/employment-contracts-and-conditions,301
http://www.ukwelcomes.businesslink.gov.uk/bdotg/action/detail?itemid=1083993390,https://www.gov.uk/maximum-weekly-working-hours,301
http://www.ukwelcomes.businesslink.gov.uk/bdotg/action/detail?itemid=1083993395,https://www.gov.uk/browse/working/time-off,301
http://www.ukwelcomes.businesslink.gov.uk/bdotg/action/detail?itemid=1083993403,https://www.gov.uk/which-finance-is-right-for-your-business,301
http://www.ukwelcomes.businesslink.gov.uk/bdotg/action/detail?itemid=1083993409,https://www.gov.uk/which-finance-is-right-for-your-business,301
http://www.ukwelcomes.businesslink.gov.uk/bdotg/action/detail?itemid=1083993417,https://www.gov.uk/flexible-working,301
http://www.ukwelcomes.businesslink.gov.uk/bdotg/action/detail?itemid=1083993421,https://www.gov.uk/tendering-for-public-sector-contracts,301
http://www.ukwelcomes.businesslink.gov.uk/bdotg/action/detail?itemid=1083993430,https://www.gov.uk/which-finance-is-right-for-your-business,301
http://www.ukwelcomes.businesslink.gov.uk/bdotg/action/detail?itemid=1083993438,https://www.gov.uk/workplace-pensions-employers,301
http://www.ukwelcomes.businesslink.gov.uk/bdotg/action/detail?itemid=1083993442,https://www.gov.uk/which-finance-is-right-for-your-business,301
http://www.ukwelcomes.businesslink.gov.uk/bdotg/action/detail?itemid=1083993445,https://www.gov.uk/data-protection-your-business,301
http://www.ukwelcomes.businesslink.gov.uk/bdotg/action/detail?itemid=1083993448,https://www.gov.uk/tendering-for-public-sector-contracts,301
http://www.ukwelcomes.businesslink.gov.uk/bdotg/action/detail?itemid=1083993462,https://www.gov.uk/which-finance-is-right-for-your-business,301
http://www.ukwelcomes.businesslink.gov.uk/bdotg/action/detail?itemid=1083993468,https://www.gov.uk/taking-disciplinary-action,301
http://www.ukwelcomes.businesslink.gov.uk/bdotg/action/detail?itemid=1083993473,https://www.gov.uk/which-finance-is-right-for-your-business,301
http://www.ukwelcomes.businesslink.gov.uk/bdotg/action/detail?itemid=1083993477,https://www.gov.uk/which-finance-is-right-for-your-business,301
http://www.ukwelcomes.businesslink.gov.uk/bdotg/action/detail?itemid=1083993483,https://www.gov.uk/tendering-for-public-sector-contracts,301
http://www.ukwelcomes.businesslink.gov.uk/bdotg/action/detail?itemid=1083993497,https://www.gov.uk/tendering-for-public-sector-contracts,301
http://www.ukwelcomes.businesslink.gov.uk/bdotg/action/detail?itemid=1083993509,https://www.gov.uk/tendering-for-public-sector-contracts,301
http://www.ukwelcomes.businesslink.gov.uk/bdotg/action/detail?itemid=1083993516,https://www.gov.uk/tendering-for-public-sector-contracts,301
http://www.ukwelcomes.businesslink.gov.uk/bdotg/action/detail?itemid=1083993527,https://www.gov.uk/tendering-for-public-sector-contracts,301
http://www.ukwelcomes.businesslink.gov.uk/bdotg/action/detail?itemid=1083993776,https://www.gov.uk/business-legal-structures,301
http://www.ukwelcomes.businesslink.gov.uk/bdotg/action/detail?itemid=1083993787,https://www.gov.uk/business-legal-structures,301
http://www.ukwelcomes.businesslink.gov.uk/bdotg/action/detail?itemid=1083993798,https://www.gov.uk/business-legal-structures,301
http://www.ukwelcomes.businesslink.gov.uk/bdotg/action/detail?itemid=1083993810,https://www.gov.uk/business-legal-structures,301
http://www.ukwelcomes.businesslink.gov.uk/bdotg/action/detail?itemid=1083993819,https://www.gov.uk/business-legal-structures,301
http://www.ukwelcomes.businesslink.gov.uk/bdotg/action/detail?itemid=1083993848,https://www.gov.uk/business-legal-structures,301
http://www.ukwelcomes.businesslink.gov.uk/bdotg/action/detail?itemid=1083993855,https://www.gov.uk/business-legal-structures,301
http://www.ukwelcomes.businesslink.gov.uk/bdotg/action/detail?itemid=1083994254,https://www.gov.uk/uk-visa-sponsorship-employers/before-you-can-sponsor-an-employee,301
http://www.ukwelcomes.businesslink.gov.uk/bdotg/action/detail?itemid=1083994294,https://www.gov.uk/uk-welcomes-business,301
http://www.ukwelcomes.businesslink.gov.uk/bdotg/action/detail?itemid=1083994307,,410
http://www.ukwelcomes.businesslink.gov.uk/bdotg/action/detail?itemid=1083994321,https://www.gov.uk/being-a-goods-vehicle-operator,301
http://www.ukwelcomes.businesslink.gov.uk/bdotg/action/detail?itemid=1083994332,,410
http://www.ukwelcomes.businesslink.gov.uk/bdotg/action/detail?itemid=1083994343,,410
http://www.ukwelcomes.businesslink.gov.uk/bdotg/action/detail?itemid=1083994349,https://www.gov.uk/uk-welcomes-business,301
http://www.ukwelcomes.businesslink.gov.uk/bdotg/action/detail?itemid=1083994351,,410
http://www.ukwelcomes.businesslink.gov.uk/bdotg/action/detail?itemid=1083994360,https://www.gov.uk/importing-and-exporting-by-post,301
http://www.ukwelcomes.businesslink.gov.uk/bdotg/action/detail?itemid=1083994372,https://www.gov.uk/online-and-distance-selling-for-businesses,301
http://www.ukwelcomes.businesslink.gov.uk/bdotg/action/detail?itemid=1083994385,https://www.gov.uk/marketing-advertising-law,301
http://www.ukwelcomes.businesslink.gov.uk/bdotg/action/detail?itemid=1083994401,https://www.gov.uk/uk-welcomes-business,301
http://www.ukwelcomes.businesslink.gov.uk/bdotg/action/detail?itemid=1083994412,https://www.gov.uk/uk-welcomes-business,301
http://www.ukwelcomes.businesslink.gov.uk/bdotg/action/detail?itemid=1083994422,https://www.gov.uk/uk-welcomes-business,301
http://www.ukwelcomes.businesslink.gov.uk/bdotg/action/detail?itemid=1083994431,https://www.gov.uk/uk-welcomes-business,301
http://www.ukwelcomes.businesslink.gov.uk/bdotg/action/detail?itemid=1083994437,,410,http://www.thebfa.org/
http://www.ukwelcomes.businesslink.gov.uk/bdotg/action/detail?itemid=1083994456,https://www.gov.uk/browse/justice,301
http://www.ukwelcomes.businesslink.gov.uk/bdotg/action/detail?itemid=1083994526,https://www.gov.uk/uk-welcomes-business,301
http://www.ukwelcomes.businesslink.gov.uk/bdotg/action/detail?itemid=1083994997,https://www.gov.uk/uk-welcomes-business,301
http://www.ukwelcomes.businesslink.gov.uk/bdotg/action/detail?itemid=1083995312,https://www.gov.uk/invoicing-and-taking-payment-from-customers,301
http://www.ukwelcomes.businesslink.gov.uk/bdotg/action/detail?itemid=1083995315,https://www.gov.uk/invoicing-and-taking-payment-from-customers,301
http://www.ukwelcomes.businesslink.gov.uk/bdotg/action/detail?itemid=1083995340,https://www.gov.uk/invoicing-and-taking-payment-from-customers,301
http://www.ukwelcomes.businesslink.gov.uk/bdotg/action/detail?itemid=1083995352,https://www.gov.uk/invoicing-and-taking-payment-from-customers,301
http://www.ukwelcomes.businesslink.gov.uk/bdotg/action/detail?itemid=1083995363,https://www.gov.uk/invoicing-and-taking-payment-from-customers,301
http://www.ukwelcomes.businesslink.gov.uk/bdotg/action/detail?itemid=1083995377,https://www.gov.uk/invoicing-and-taking-payment-from-customers,301
http://www.ukwelcomes.businesslink.gov.uk/bdotg/action/detail?itemid=1084033181,,410
http://www.ukwelcomes.businesslink.gov.uk/bdotg/action/detail?itemid=1084111395,https://www.gov.uk/business-finance-support-finder,301
http://www.ukwelcomes.businesslink.gov.uk/bdotg/action/detail?itemid=1088155496,https://www.gov.uk/selling-your-business-your-responsibilities,301
http://www.ukwelcomes.businesslink.gov.uk/bdotg/action/detail?itemid=1088155530,https://www.gov.uk/selling-your-business-your-responsibilities,301
http://www.ukwelcomes.businesslink.gov.uk/bdotg/action/detail?itemid=1096636689,https://www.gov.uk/uk-welcomes-business,301
http://www.ukwelcomes.businesslink.gov.uk/bdotg/action/layer?topicid=1083987781,https://www.gov.uk/uk-welcomes-business,301
http://www.ukwelcomes.businesslink.gov.uk/bdotg/action/layer?topicid=1083987786,https://www.gov.uk/uk-visa-sponsorship-employers/before-you-can-sponsor-an-employee,301
http://www.ukwelcomes.businesslink.gov.uk/bdotg/action/layer?topicid=1083987793,,410,http://www.hse.gov.uk/simple-health-safety/get.htm
http://www.ukwelcomes.businesslink.gov.uk/bdotg/action/layer?topicid=1083987800,https://www.gov.uk/starting-up-a-business,301
http://www.ukwelcomes.businesslink.gov.uk/bdotg/action/layer?topicid=1083987804,,410
http://www.ukwelcomes.businesslink.gov.uk/bdotg/action/layer?topicid=1083987808,,410
http://www.ukwelcomes.businesslink.gov.uk/bdotg/action/layer?topicid=1083987811,,410
http://www.ukwelcomes.businesslink.gov.uk/bdotg/action/layer?topicid=1083987814,https://www.gov.uk/business-finance-explained,301
http://www.ukwelcomes.businesslink.gov.uk/bdotg/action/layer?topicid=1083987821,https://www.gov.uk/uk-welcomes-business,301
http://www.ukwelcomes.businesslink.gov.uk/bdotg/action/layer?topicid=1083987824,,410,http://cimmarketingexpert.co.uk/
http://www.ukwelcomes.businesslink.gov.uk/bdotg/action/layer?topicid=1083987827,,410
http://www.ukwelcomes.businesslink.gov.uk/bdotg/action/layer?topicid=1083987831,,410
http://www.ukwelcomes.businesslink.gov.uk/bdotg/action/layer?topicid=1083987834,https://www.gov.uk/register-as-an-overseas-company,301
http://www.ukwelcomes.businesslink.gov.uk/bdotg/action/layer?topicid=1083987837,,410,http://www.cips.org/en-GB/
http://www.ukwelcomes.businesslink.gov.uk/bdotg/action/layer?topicid=1083987840,,410,http://www.electoralcommission.org.uk/
http://www.ukwelcomes.businesslink.gov.uk/bdotg/action/layer?topicid=1083987849,,410
http://www.ukwelcomes.businesslink.gov.uk/bdotg/action/layer?topicid=1083987856,https://www.gov.uk/browse/justice,301
http://www.ukwelcomes.businesslink.gov.uk/bdotg/action/layer?topicid=1083987859,https://www.gov.uk/selling-your-business-your-responsibilities,301
http://www.ukwelcomes.businesslink.gov.uk/bdotg/action/layer?topicid=1083987862,http://www.hse.gov.uk/,301
http://www.ukwelcomes.businesslink.gov.uk/bdotg/action/layer?topicid=1083987865,https://www.gov.uk/managing-your-waste-an-overview,301
http://www.ukwelcomes.businesslink.gov.uk/bdotg/action/layer?topicid=1083987868,https://www.gov.uk/uk-welcomes-business,301
http://www.ukwelcomes.businesslink.gov.uk/bdotg/action/layer?topicid=1083987883,https://www.gov.uk/uk-welcomes-business,301
http://www.ukwelcomes.businesslink.gov.uk/bdotg/action/layer?topicid=1083987885,https://www.gov.uk/uk-welcomes-business,301
http://www.ukwelcomes.businesslink.gov.uk/bdotg/action/layer?topicid=1083987894,https://www.gov.uk/business-finance-support-finder,301
http://www.ukwelcomes.businesslink.gov.uk/bdotg/action/layer?topicid=1083987909,https://www.gov.uk/browse/education,301
http://www.ukwelcomes.businesslink.gov.uk/bdotg/action/layer?topicid=1083987921,https://www.gov.uk/understand-how-your-council-works/types-of-council,301
http://www.ukwelcomes.businesslink.gov.uk/bdotg/action/layer?topicid=1083987927,,410,http://www.ons.gov.uk/ons/index.html
http://www.ukwelcomes.businesslink.gov.uk/bdotg/action/layer?topicid=1083987930,https://www.gov.uk/capital-allowances,301
http://www.ukwelcomes.businesslink.gov.uk/bdotg/action/layer?topicid=1083987933,,410
http://www.ukwelcomes.businesslink.gov.uk/bdotg/action/layer?topicid=1083987936,,410
http://www.ukwelcomes.businesslink.gov.uk/bdotg/action/layer?topicid=1083987939,https://www.gov.uk/intellectual-property-an-overview,301
http://www.ukwelcomes.businesslink.gov.uk/bdotg/action/layer?topicid=1083987944,https://www.gov.uk/uk-welcomes-business,301
http://www.ukwelcomes.businesslink.gov.uk/bdotg/action/layer?topicid=1083987947,,410
http://www.ukwelcomes.businesslink.gov.uk/bdotg/action/layer?topicid=1083987953,,410,http://cimmarketingexpert.co.uk/
http://www.ukwelcomes.businesslink.gov.uk/bdotg/action/layer?topicid=1083987956,https://www.gov.uk/paye-for-employers,301
http://www.ukwelcomes.businesslink.gov.uk/bdotg/action/layer?topicid=1083987959,,410
http://www.ukwelcomes.businesslink.gov.uk/bdotg/action/layer?topicid=1083987962,https://www.gov.uk/late-commercial-payments-interest-debt-recovery,301
http://www.ukwelcomes.businesslink.gov.uk/bdotg/action/layer?topicid=1083987965,,410,http://www.itdonut.co.uk
http://www.ukwelcomes.businesslink.gov.uk/bdotg/action/layer?topicid=1083987976,,410,http://www.itdonut.co.uk
http://www.ukwelcomes.businesslink.gov.uk/bdotg/action/layer?topicid=1083988024,,410
http://www.ukwelcomes.businesslink.gov.uk/bdotg/action/layer?topicid=1083988026,,410,http://www.nhsdirect.nhs.uk/
http://www.ukwelcomes.businesslink.gov.uk/bdotg/action/layer?topicid=1083988029,https://www.gov.uk/uk-welcomes-business,301
http://www.ukwelcomes.businesslink.gov.uk/bdotg/action/layer?topicid=1083988047,https://www.gov.uk/contract-types-and-employer-responsibilities,301
http://www.ukwelcomes.businesslink.gov.uk/bdotg/action/layer?topicid=1083988051,https://www.gov.uk/tendering-for-public-sector-contracts,301
http://www.ukwelcomes.businesslink.gov.uk/bdotg/action/layer?topicid=1083988055,https://www.gov.uk/which-finance-is-right-for-your-business,301
http://www.ukwelcomes.businesslink.gov.uk/bdotg/action/layer?topicid=1083988074,https://www.gov.uk/business-legal-structures,301
http://www.ukwelcomes.businesslink.gov.uk/bdotg/action/layer?topicid=1083988086,https://www.gov.uk/uk-welcomes-business,301
http://www.ukwelcomes.businesslink.gov.uk/bdotg/action/layer?topicid=1083988089,https://www.gov.uk/uk-welcomes-business,301
http://www.ukwelcomes.businesslink.gov.uk/bdotg/action/layer?topicid=1083988136,https://www.gov.uk/invoicing-and-taking-payment-from-customers,301
http://www.ukwelcomes.businesslink.gov.uk/bdotg/action/licencelimlanding,https://www.gov.uk/licence-finder,301
http://www.ukwelcomes.businesslink.gov.uk/bdotg/action/licenceselectlocation,https://www.gov.uk/licence-finder,301
http://www.ukwelcomes.businesslink.gov.uk/bdotg/action/lsplink,https://www.gov.uk/licence-finder,301
